Group,Sample,0.02,0.02.1,0.023520823,0.027661457,0.032531013,0.038257812,0.044992763,0.052913343,0.062228271,0.07318301,0.086066235,0.101217438,0.119035877,0.139991095,0.164635295,0.193617889,0.227702614,0.267787655,0.314929314,0.370369847,0.435570198,0.512248497,0.602425336,0.708477013,0.833198154,0.979875354,1.152373784,1.355239044,1.593816947,1.87439439,2.204365021,2.592424078,3.048797515,3.585511478,4.216709209,4.959023745,5.83201622,6.858691334,8.066103565,9.486070089,11.15600922,13.11992643,15.42957398,18.14581465,21.34022558,25.09698443,29.51508761,34.71095895,40.8215177,48.00778653,56.45913473,66.39826837,78.087099,91.83364535,108.0001502,127.0126259,149.3720805,175.6677203,206.5924761,242.9612628,285.7324542,336.0331374,395.1888131,464.7583247,546.5749364,642.7946423,755.9529803,889.0318477,1045.538078,1229.595853,1446.055378,1700.620697,2000,% explained,Total inequality,Between region inequality,Total sum of squares,Within group sum of squares,Calinski-Harabasz pseudo-F statistic,K,latitude,longitude
1,A20858G_Q,0.0,0.0,0.0,0.0,0.0,0.0,0.0,0.0,0.0,0.0,0.0,0.0,0.0,0.0,0.0,0.0,0.0,0.0,0.0,0.0,0.0,0.0,0.0,0.0,0.0,0.0,0.0,0.0,0.0,0.0,0.0,0.0,0.0,0.0,0.0,0.0,0.0,0.0,0.0,0.0,0.0,0.0,0.0,0.0,6.4e-05,0.001478,0.002793,0.00476,0.007513,0.010875,0.014566,0.018302,0.021774,0.025066,0.028522,0.032864,0.038892,0.047073,0.057504,0.069277,0.081336,0.091978,0.099576,0.102561,0.099887,0.091409,0.078499,0.063187,0.048,0.034223,0.022114,0.01073,0.0,64.482944,4497.809026,2900.319697,24260.226577,7807.914421,55.487829,4,0.0,0.0
1,A21107G_Q,0.0,0.0,0.0,0.0,0.0,0.0,0.0,0.0,0.0,0.0,0.0,0.0,0.0,0.0,0.0,0.0,0.0,0.0,0.0,0.0,0.0,0.0,0.0,0.0,0.0,0.0,0.0,0.0,0.0,0.0,0.0,0.0,0.0,0.0,0.0,0.0,0.0,0.0,0.0,0.0,0.0,0.0,0.0,0.0,0.0,0.0,0.0,0.0,0.0,0.0,0.0,0.0,0.0,0.0,0.0,0.0,0.000945,0.013639,0.041616,0.081927,0.127534,0.165739,0.184794,0.178737,0.150899,0.111021,0.071687,0.040535,0.020509,0.009547,0.00424,0.001454,0.0,64.482944,4497.809026,2900.319697,24260.226577,7807.914421,55.487829,4,0.0,0.0
1,A30849Q,0.0,0.0,0.0,0.0,0.0,0.0,0.0,0.0,0.0,0.0,0.0,0.0,0.0,0.0,0.0,0.0,0.0,0.0,0.0,0.0,0.0,0.0,0.0,0.0,0.0,0.0,0.0,0.0,0.0,0.0,0.0,0.0,0.0,0.0,0.0,0.0,0.0,0.0,0.0,0.0,0.0,0.0,0.0,0.0,0.0,0.0,0.0,0.0,0.0,0.0,0.0,0.0,0.0,0.0,0.0,0.004261,0.020532,0.045349,0.076921,0.109913,0.138677,0.156977,0.161183,0.150609,0.127951,0.09747,0.065278,0.035732,0.01346,0.000509,0.0,0.0,0.0,64.482944,4497.809026,2900.319697,24260.226577,7807.914421,55.487829,4,0.0,0.0
1,A31403G_Q,0.0,0.0,0.0,0.0,0.0,0.0,0.0,0.0,0.0,0.0,0.0,0.0,0.0,0.0,0.0,0.0,0.0,0.0,0.0,0.0,0.0,0.0,0.0,0.0,0.0,0.0,0.0,0.0,0.0,0.0,0.0,0.0,0.0,0.0,0.0,0.0,0.0,0.000452,0.001141,0.00129,0.001332,0.001304,0.001298,0.001572,0.002479,0.004353,0.007433,0.011582,0.016296,0.020662,0.023604,0.0244,0.023111,0.02098,0.020382,0.024158,0.034651,0.052351,0.075808,0.100597,0.12181,0.134078,0.134211,0.121593,0.098712,0.06948,0.039848,0.013363,0.000493,0.0,0.0,0.0,0.0,64.482944,4497.809026,2900.319697,24260.226577,7807.914421,55.487829,4,0.0,0.0
1,A31418_Q,0.0,0.0,0.0,0.0,0.0,0.0,0.0,0.0,0.0,0.0,0.0,0.0,0.0,0.0,0.0,0.0,0.0,0.0,0.0,0.0,0.0,0.0,0.0,0.0,0.0,0.0,0.0,0.0,0.0,0.0,0.0,0.0,0.0,0.0,0.0,0.0,0.0,0.0,0.0,0.0,0.0,0.0,0.0,0.0,0.0,0.0,0.0,0.0,0.0,0.0,0.0,0.0,0.0,0.0,0.0,0.001282,0.012937,0.035779,0.066504,0.100985,0.133451,0.156811,0.166219,0.159687,0.13893,0.107879,0.072825,0.039247,0.011994,0.000293,0.0,0.0,0.0,64.482944,4497.809026,2900.319697,24260.226577,7807.914421,55.487829,4,0.0,0.0
1,A40705G_Q,0.0,0.0,0.0,0.0,0.0,0.0,0.0,0.0,0.0,0.0,0.0,0.0,0.0,0.0,0.0,0.0,0.0,0.0,0.0,0.0,0.0,0.0,0.0,0.0,0.0,0.0,0.0,0.0,0.0,0.0,0.0,0.0,0.0,0.0,0.0,0.0,0.0,0.0,0.0,0.0,0.0,0.0,0.0,0.0,0.0,9.9e-05,0.001427,0.003883,0.006077,0.007546,0.00731,0.005203,0.00213,0.000146,0.001188,0.00817,0.025037,0.05343,0.091185,0.13032,0.161571,0.175762,0.168988,0.143266,0.106099,0.066039,0.03206,0.007796,9.1e-05,0.0,0.0,0.0,0.0,64.482944,4497.809026,2900.319697,24260.226577,7807.914421,55.487829,4,0.0,0.0
1,A40856_Q,0.0,0.0,0.0,0.0,0.0,0.0,0.0,0.0,0.0,0.0,0.0,0.0,0.0,0.0,0.0,0.0,0.0,0.0,0.0,0.0,0.0,0.0,0.0,0.0,0.0,0.0,0.0,0.0,0.0,0.0,0.0,0.0,0.0,0.0,0.0,0.0,0.0,0.0,0.0,0.0,0.0,0.0,0.0,0.0,0.0,0.0,0.0,0.0,0.0,0.0,0.0,0.0,0.0,0.0,0.0,1e-06,0.004945,0.025607,0.064583,0.116349,0.16785,0.201005,0.203856,0.175744,0.127962,0.075718,0.03363,0.007484,8.8e-05,0.0,0.0,0.0,0.0,64.482944,4497.809026,2900.319697,24260.226577,7807.914421,55.487829,4,0.0,0.0
1,A40932Q,0.0,0.0,0.0,0.0,0.0,0.0,0.0,0.0,0.0,0.0,0.0,0.0,0.0,0.0,0.0,0.0,0.0,0.0,0.0,0.0,0.0,0.0,0.0,0.0,0.0,0.0,0.0,0.0,0.0,0.0,0.0,0.0,0.0,0.0,0.0,0.0,0.0,0.0,0.0,0.0,0.0,0.0,0.0,0.0,0.0,0.0,0.0,0.0,0.0,0.0,0.0,0.0,0.0,0.0,0.0,0.00212,0.017531,0.050276,0.098169,0.149117,0.187665,0.199961,0.182719,0.143264,0.095726,0.052166,0.021929,0.003913,0.000265,0.0,0.0,0.0,0.0,64.482944,4497.809026,2900.319697,24260.226577,7807.914421,55.487829,4,0.0,0.0
1,A41034_Q,0.0,0.0,0.0,0.0,0.0,0.0,0.0,0.0,0.0,0.0,0.0,0.0,0.0,0.0,0.0,0.0,0.0,0.0,0.0,0.0,0.0,0.0,0.0,0.0,0.0,0.0,0.0,0.0,0.0,0.0,0.0,0.0,0.0,0.0,0.0,0.0,0.0,0.0,0.0,0.0,0.0,0.0,0.0,0.0,0.0,0.0,0.0,0.0,0.0,0.0,0.0,0.0,0.0,0.0,0.0,0.0,2e-06,0.00502,0.029807,0.081086,0.151608,0.214868,0.240937,0.215815,0.152987,0.081183,0.028717,0.002792,0.0,0.0,0.0,0.0,0.0,64.482944,4497.809026,2900.319697,24260.226577,7807.914421,55.487829,4,0.0,0.0
1,A41041G_Q,0.0,0.0,0.0,0.0,0.0,0.0,0.0,0.0,0.0,0.0,0.0,0.0,0.0,0.0,0.0,0.0,0.0,0.0,0.0,0.0,0.0,0.0,0.0,0.0,0.0,0.0,0.0,0.0,0.0,0.0,0.0,0.0,0.0,0.0,0.0,0.0,0.0,0.0,0.0,0.0,0.0,0.0,0.0,0.000774,0.001367,0.002309,0.003498,0.004666,0.005348,0.005101,0.003755,0.001673,0.000154,0.000865,0.006278,0.018033,0.036563,0.06002,0.08506,0.106435,0.120238,0.124035,0.118373,0.105904,0.090478,0.075169,0.062204,0.05172,0.043022,0.034422,0.024638,0.012721,0.0,64.482944,4497.809026,2900.319697,24260.226577,7807.914421,55.487829,4,0.0,0.0
1,A50727G_Q,0.0,0.0,0.0,0.0,0.0,0.0,0.0,0.0,0.0,0.0,0.0,0.0,0.0,0.0,0.0,0.0,0.0,0.0,0.0,0.0,0.0,0.0,0.0,0.0,0.0,0.0,0.0,0.0,0.0,0.0,0.0,0.0,0.0,0.0,0.0,0.0,0.0,0.0,0.0,0.0,0.0,0.0,0.0,0.0,0.0,0.0,0.0,0.0,0.0,0.0,0.0,0.0,0.0,0.0,0.0,0.002863,0.016113,0.038267,0.067867,0.100006,0.129099,0.148703,0.154807,0.146429,0.126277,0.099045,0.071022,0.046531,0.028379,0.01642,0.009029,0.003968,0.0,64.482944,4497.809026,2900.319697,24260.226577,7807.914421,55.487829,4,0.0,0.0
1,A51138G_Q_note some organics,0.0,0.0,0.0,0.0,0.0,0.0,0.0,0.0,0.0,0.0,0.0,0.0,0.0,0.0,0.0,0.0,0.0,0.0,0.0,0.0,0.0,0.0,0.0,0.0,0.0,0.0,0.0,0.0,0.0,0.0,0.0,0.0,0.0,0.0,0.0,0.0,0.0,0.0,0.0,0.0,0.0,0.0,0.0,0.0,0.0,0.0,0.0,0.0,0.0,0.0,0.0,0.0,0.0,0.002396,0.012441,0.028416,0.049896,0.073181,0.09397,0.107471,0.111531,0.106583,0.095743,0.083209,0.072778,0.066278,0.063594,0.062545,0.060109,0.053129,0.040233,0.02132,0.0,64.482944,4497.809026,2900.319697,24260.226577,7807.914421,55.487829,4,0.0,0.0
1,A51155G_Q,0.0,0.0,0.0,0.0,0.0,0.0,0.0,0.0,0.0,0.0,0.0,0.0,0.0,0.0,0.0,0.0,0.0,0.0,0.0,0.0,0.0,0.0,0.0,0.0,0.0,0.0,0.0,0.0,0.0,0.0,0.0,0.0,0.0,0.0,0.0,0.0,0.0,0.0,0.0,0.0,0.0,0.0,0.0,0.0,0.0,0.0,0.0,0.0,0.0,0.0,0.0,0.0,0.0,0.0,0.002459,0.019084,0.050269,0.091331,0.133488,0.163757,0.173206,0.159637,0.129348,0.093013,0.06091,0.037987,0.024969,0.018858,0.016345,0.014243,0.010703,0.005214,0.0,64.482944,4497.809026,2900.319697,24260.226577,7807.914421,55.487829,4,0.0,0.0
1,A51330G_Q,0.0,0.0,0.0,0.0,0.0,0.0,0.0,0.0,0.0,0.0,0.0,0.0,0.0,0.0,0.0,0.0,0.0,0.0,0.0,0.0,0.0,0.0,0.0,0.0,0.0,0.0,0.0,0.0,0.0,0.0,0.0,0.0,0.0,0.0,0.0,0.0,0.0,0.0,0.0,0.0,0.0,0.0,0.0,5e-06,0.001103,0.002186,0.004154,0.006918,0.009997,0.012609,0.013884,0.013338,0.011357,0.009502,0.010483,0.017427,0.032796,0.056752,0.087026,0.117513,0.141698,0.153108,0.148767,0.129666,0.100774,0.06823,0.038451,0.016084,0.000996,0.0,0.0,0.0,0.0,64.482944,4497.809026,2900.319697,24260.226577,7807.914421,55.487829,4,0.0,0.0
1,A51340G_Q,0.0,0.0,0.0,0.0,0.0,0.0,0.0,0.0,0.0,0.0,0.0,0.0,0.0,0.0,0.0,0.0,0.0,0.0,0.0,0.0,0.0,0.0,0.0,0.0,0.0,0.0,0.0,0.0,0.0,0.0,0.0,0.0,0.0,0.0,0.0,0.0,0.0,0.0,0.0,0.0,0.0,0.0,0.0,4e-06,0.001054,0.001812,0.00325,0.005152,0.00698,0.007978,0.007409,0.005069,0.000964,0.0,0.0,0.0,0.005964,0.026108,0.060177,0.10315,0.14574,0.175252,0.18263,0.165756,0.130993,0.088763,0.05068,0.022708,0.006995,0.000235,0.0,0.0,0.0,64.482944,4497.809026,2900.319697,24260.226577,7807.914421,55.487829,4,0.0,0.0
1,A51523G_Q,0.0,0.0,0.0,0.0,0.0,0.0,0.0,0.0,0.0,0.0,0.0,0.0,0.0,0.0,0.0,0.0,0.0,0.0,0.0,0.0,0.0,0.0,0.0,0.0,0.0,0.0,0.0,0.0,0.0,0.0,0.0,0.0,0.0,0.0,0.0,0.0,0.0,0.0,0.0,0.0,0.0,0.0,0.0,0.0,0.0,0.0,0.0,0.0,0.0,0.0,0.0,0.0,0.0,0.0,0.0,1e-06,0.003969,0.023325,0.061385,0.113087,0.165611,0.20048,0.204861,0.177446,0.129677,0.07759,0.036025,0.010883,0.000482,0.0,0.0,0.0,0.0,64.482944,4497.809026,2900.319697,24260.226577,7807.914421,55.487829,4,0.0,0.0
1,A51607G_Q,0.0,0.0,0.0,0.0,0.0,0.0,0.0,0.0,0.0,0.0,0.0,0.0,0.0,0.0,0.0,0.0,0.0,0.0,0.0,0.0,0.0,0.0,0.0,0.0,0.0,0.0,0.0,0.0,0.0,0.0,0.0,0.0,0.0,0.0,0.0,0.0,0.0,0.0,0.0,0.0,0.0,0.0,0.0,0.0,0.0,0.0,0.0,0.0,0.0,0.0,0.0,0.0,0.0,0.0,0.0,0.002178,0.014123,0.035264,0.064988,0.099278,0.132696,0.157743,0.168471,0.161801,0.139282,0.105909,0.069942,0.03761,0.014916,0.000621,0.0,0.0,0.0,64.482944,4497.809026,2900.319697,24260.226577,7807.914421,55.487829,4,0.0,0.0
1,A51608Q,0.0,0.0,0.0,0.0,0.0,0.0,0.0,0.0,0.0,0.0,0.0,0.0,0.0,0.0,0.0,0.0,0.0,0.0,0.0,0.0,0.0,0.0,0.0,0.0,0.0,0.0,0.0,0.0,0.0,0.0,0.0,0.0,0.0,0.0,0.0,0.0,0.0,0.0,0.0,0.0,0.0,0.0,0.0,0.0,0.0,0.0,0.0,0.0,0.0,0.0,0.0,0.0,0.0,0.0,0.0,0.0,6e-06,0.00802,0.034543,0.080851,0.140136,0.193831,0.221081,0.209309,0.163146,0.100462,0.044664,0.008774,0.0,0.0,0.0,0.0,0.0,64.482944,4497.809026,2900.319697,24260.226577,7807.914421,55.487829,4,0.0,0.0
1,A60943Q,0.0,0.0,0.0,0.0,0.0,0.0,0.0,0.0,0.0,0.0,0.0,0.0,0.0,0.0,0.0,0.0,0.0,0.0,0.0,0.0,0.0,0.0,0.0,0.0,0.0,0.0,0.0,0.0,0.0,0.0,0.0,0.0,0.0,0.0,0.0,0.0,0.0,0.0,0.0,0.0,0.0,0.0,0.0,0.0,0.0,0.0,0.0,0.0,0.0,0.0,0.0,0.0,0.0,0.00285,0.015801,0.037742,0.068126,0.101608,0.13136,0.149653,0.152778,0.141288,0.119835,0.094391,0.070088,0.049142,0.032617,0.019931,0.010765,0.004909,0.001568,0.000371,0.0,64.482944,4497.809026,2900.319697,24260.226577,7807.914421,55.487829,4,0.0,0.0
1,A61005Q,0.0,0.0,0.0,0.0,0.0,0.0,0.0,0.0,0.0,0.0,0.0,0.0,0.0,0.0,0.0,0.0,0.0,0.0,0.0,0.0,0.0,0.0,0.0,0.0,0.0,0.0,0.0,0.0,0.0,0.0,0.0,0.0,0.0,0.0,0.0,0.0,0.0,0.0,0.0,0.0,0.0,0.0,0.0,0.0,0.0,0.0,0.0,0.0,0.0,0.0,0.0,0.0,0.0,0.0,0.0,1.6e-05,0.006737,0.033959,0.087207,0.155185,0.212839,0.232599,0.205742,0.146619,0.082419,0.033533,0.007751,0.000217,0.0,0.0,0.0,0.0,0.0,64.482944,4497.809026,2900.319697,24260.226577,7807.914421,55.487829,4,0.0,0.0
1,A61229_Q,0.0,0.0,0.0,0.0,0.0,0.0,0.0,0.0,0.0,0.0,0.0,0.0,0.0,0.0,0.0,0.0,0.0,0.0,0.0,0.0,0.0,0.0,0.0,0.0,0.0,0.0,0.0,0.0,0.0,0.0,0.0,0.0,0.0,0.0,0.0,0.0,0.0,0.0,0.0,0.0,0.0,0.0,0.0,0.0,0.0,0.0,0.0,0.0,0.0,0.0,0.0,0.0,0.0,0.0,0.0,0.001677,0.014984,0.047002,0.094702,0.147,0.188139,0.203119,0.187383,0.147594,0.098223,0.052376,0.020369,0.002253,0.0,0.0,0.0,0.0,0.0,64.482944,4497.809026,2900.319697,24260.226577,7807.914421,55.487829,4,0.0,0.0
1,A61236G_Q,0.0,0.0,0.0,0.0,0.0,0.0,0.0,0.0,0.0,0.0,0.0,0.0,0.0,0.0,0.0,0.0,0.0,0.0,0.0,0.0,0.0,0.0,0.0,0.0,0.0,0.0,0.0,0.0,0.0,0.0,0.0,0.0,0.0,0.0,0.0,0.0,0.0,0.0,0.0,0.0,0.0,0.0,0.0,0.0,0.0,0.0,0.0,0.0,0.0,0.0,0.0,0.0,0.0,0.0,0.0,0.004477,0.026213,0.062253,0.106661,0.14699,0.171246,0.171477,0.149257,0.113955,0.078185,0.050423,0.033922,0.026071,0.022715,0.019626,0.014456,0.006896,0.0,64.482944,4497.809026,2900.319697,24260.226577,7807.914421,55.487829,4,0.0,0.0
1,A61246G_Q,0.0,0.0,0.0,0.0,0.0,0.0,0.0,0.0,0.0,0.0,0.0,0.0,0.0,0.0,0.0,0.0,0.0,0.0,0.0,0.0,0.0,0.0,0.0,0.0,0.0,0.0,0.0,0.0,0.0,0.0,0.0,0.0,0.0,0.0,0.0,0.0,0.0,0.0,0.0,0.0,0.0,0.0,0.0,0.0,0.0,0.0,0.0,0.0,0.0,0.0,0.0,0.0,0.0,0.0,0.004156,0.023502,0.056337,0.09813,0.139625,0.16819,0.175611,0.16039,0.129061,0.092113,0.059432,0.035646,0.021452,0.014027,0.010464,0.008186,0.005779,0.002719,0.0,64.482944,4497.809026,2900.319697,24260.226577,7807.914421,55.487829,4,0.0,0.0
1,A71104_Q,0.0,0.0,0.0,0.0,0.0,0.0,0.0,0.0,0.0,0.0,0.0,0.0,0.0,0.0,0.0,0.0,0.0,0.0,0.0,0.0,0.0,0.0,0.0,0.0,0.0,0.0,0.0,0.0,0.0,0.0,0.0,0.0,0.0,0.0,0.0,0.0,0.0,0.0,0.0,0.0,0.0,0.0,0.0,0.0,0.0,0.0,0.0,0.0,0.0,0.0,0.0,0.0,0.0,0.0,0.0,0.009073,0.036549,0.075918,0.120868,0.15793,0.176406,0.171545,0.147765,0.114648,0.081857,0.054163,0.033256,0.017581,0.006971,0.000289,0.0,0.0,0.0,64.482944,4497.809026,2900.319697,24260.226577,7807.914421,55.487829,4,0.0,0.0
1,A71348Q,0.0,0.0,0.0,0.0,0.0,0.0,0.0,0.0,0.0,0.0,0.0,0.0,0.0,0.0,0.0,0.0,0.0,0.0,0.0,0.0,0.0,0.0,0.0,0.0,0.0,0.0,0.0,0.0,0.0,0.0,0.0,0.0,0.0,0.0,0.0,0.0,0.0,0.0,0.0,0.0,0.0,0.0,0.0,0.0,6.9e-05,0.001589,0.002721,0.003826,0.004465,0.0041,0.00244,0.000393,0.0,0.0,0.0,0.004396,0.020445,0.048171,0.086082,0.126838,0.161443,0.180146,0.177636,0.154105,0.115968,0.071713,0.03379,0.004471,1.5e-05,0.0,0.0,0.0,0.0,64.482944,4497.809026,2900.319697,24260.226577,7807.914421,55.487829,4,0.0,0.0
1,A71452_Q,0.0,0.0,0.0,0.0,0.0,0.0,0.0,0.0,0.0,0.0,0.0,0.0,0.0,0.0,0.0,0.0,0.0,0.0,0.0,0.0,0.0,0.0,0.0,0.0,0.0,0.0,0.0,0.0,0.0,0.0,0.0,0.0,0.0,0.0,0.0,0.0,0.0,0.0,0.0,0.0,0.0,0.0,0.0,0.0,0.0,0.0,0.0,0.0,0.0,0.0,0.0,0.0,0.001321,0.009083,0.022774,0.042653,0.066738,0.090955,0.110632,0.121021,0.120282,0.109602,0.093186,0.076515,0.064175,0.057426,0.054468,0.051354,0.044951,0.034677,0.022473,0.010537,0.0,64.482944,4497.809026,2900.319697,24260.226577,7807.914421,55.487829,4,0.0,0.0
1,A80947G_Q,0.0,0.0,0.0,0.0,0.0,0.0,0.0,0.0,0.0,0.0,0.0,0.0,0.0,0.0,0.0,0.0,0.0,0.0,0.0,0.0,0.0,0.0,0.0,0.0,0.0,0.0,0.0,0.0,0.0,0.0,0.0,0.0,0.0,0.0,0.0,0.0,0.0,0.0,0.0,0.0,0.0,0.0,0.0,7e-06,0.001566,0.003091,0.004596,0.00564,0.005648,0.004464,0.002598,0.001411,0.003007,0.009646,0.022702,0.041935,0.0649,0.087097,0.103979,0.111714,0.109659,0.099888,0.086309,0.072922,0.062583,0.056111,0.052906,0.051039,0.048286,0.042278,0.031924,0.016917,0.0,64.482944,4497.809026,2900.319697,24260.226577,7807.914421,55.487829,4,0.0,0.0
1,SH01_3_HCl,0.0,0.0,0.0,0.0,0.0,0.0,0.0,0.0,0.0,0.0,0.0,0.0,0.0,0.0,0.0,0.0,0.0,0.0,0.0,0.0,0.0,0.0,0.0,0.0,0.0,0.0,0.0,0.0,0.0,0.0,0.0,0.0,0.0,0.0,0.0,0.0,0.0,0.0,0.0,0.0,0.0,0.0,0.0,0.0,0.0,0.0,0.0,0.0,0.0,0.0,0.0,0.0,0.0,0.0,0.001687,0.013012,0.03506,0.066265,0.102289,0.134699,0.156506,0.162531,0.15253,0.129759,0.100241,0.069518,0.042892,0.022892,0.010241,0.003735,0.000964,0.00012,0.0,64.482944,4497.809026,2900.319697,24260.226577,7807.914421,55.487829,4,0.0,0.0
1,ST_01_5_HCl,0.0,0.0,0.0,0.0,0.0,0.0,0.0,0.0,0.0,0.0,0.0,0.0,0.0,0.0,0.0,0.0,0.0,0.0,0.0,0.0,0.0,0.0,0.0,0.0,0.0,0.0,0.0,0.0,0.0,0.0,0.0,0.0,0.0,0.0,0.0,0.0,0.0,0.0,0.0,0.0,0.0,0.0,0.0,0.0,0.0,0.0,0.0,0.0,0.0,0.0,0.0,0.0,0.0,0.0,0.0,0.007229,0.029518,0.06241,0.102289,0.139157,0.163856,0.169398,0.155543,0.127229,0.093494,0.061928,0.038072,0.02253,0.013976,0.009277,0.006024,0.002651,0.0,64.482944,4497.809026,2900.319697,24260.226577,7807.914421,55.487829,4,0.0,0.0
1,Streeter Lagoon_CaCO3,0.0,0.0,0.0,0.0,0.0,0.0,0.0,0.0,0.0,0.0,0.0,0.0,0.0,0.0,0.0,0.0,0.0,0.0,0.0,0.0,0.0,0.0,0.0,0.0,0.0,0.0,0.0,0.0,0.0,0.0,0.0,0.000843,0.000843,0.000964,0.000964,0.001084,0.001325,0.001446,0.001687,0.001687,0.001807,0.001687,0.001687,0.001687,0.001928,0.00253,0.003614,0.005181,0.006747,0.007831,0.008072,0.007108,0.005181,0.003374,0.003735,0.008554,0.02,0.038916,0.064338,0.092651,0.119157,0.138193,0.145783,0.140241,0.123133,0.097832,0.069759,0.043253,0.021928,0.008313,0.000241,0.0,0.0,64.482944,4497.809026,2900.319697,24260.226577,7807.914421,55.487829,4,0.0,0.0
1,TB02_5_HCl,0.0,0.0,0.0,0.0,0.0,0.0,0.0,0.0,0.0,0.0,0.0,0.0,0.0,0.0,0.0,0.0,0.0,0.0,0.0,0.0,0.0,0.0,0.0,0.0,0.0,0.0,0.0,0.0,0.0,0.0,0.0,0.0,0.0,0.0,0.0,0.0,0.0,0.0,0.0,0.0,0.0,0.0,0.0,0.0,0.0,0.00012,0.002169,0.005181,0.008313,0.011205,0.013133,0.013976,0.014699,0.016868,0.022892,0.034699,0.052892,0.075783,0.09988,0.11988,0.131326,0.131567,0.120723,0.101446,0.078434,0.055542,0.036627,0.023133,0.014819,0.00988,0.006506,0.003253,0.0,64.482944,4497.809026,2900.319697,24260.226577,7807.914421,55.487829,4,0.0,0.0
2,A21439G_Q,0.0,0.0,0.0,0.0,0.0,0.0,0.0,0.0,0.0,0.0,0.0,0.0,0.0,0.0,0.0,0.0,0.0,0.0,0.0,0.0,0.0,0.0,0.0,0.0,0.0,0.0,0.0,0.000614,0.001012,0.001448,0.002119,0.002951,0.003903,0.004924,0.006008,0.007153,0.00836,0.009648,0.011011,0.012533,0.014314,0.016553,0.019483,0.023319,0.028272,0.034218,0.040911,0.047581,0.053379,0.057507,0.059639,0.060205,0.060307,0.061496,0.065206,0.072129,0.081282,0.08914,0.090352,0.079797,0.057702,0.020346,0.0,0.0,0.0,0.0,0.0,0.0,0.0,0.0,0.0,0.0,0.0,64.482944,4497.809026,2900.319697,24260.226577,7807.914421,55.487829,4,0.0,0.0
2,A31031G_Q_note some organics,0.0,0.0,0.0,0.0,0.0,0.0,0.0,0.0,0.0,0.0,0.0,0.0,0.0,0.0,0.0,0.0,0.0,0.0,0.0,0.0,0.0,0.0,0.0,0.0,0.0,0.0,0.0,0.0,0.0,0.0,0.0,0.0,0.0,0.0,0.0,0.0,0.0,0.0,0.0,0.00046,0.00125,0.001793,0.002157,0.00202,0.00126,0.0,0.0,0.000217,0.003254,0.010273,0.021521,0.036732,0.054062,0.071498,0.086482,0.097383,0.103409,0.104649,0.101699,0.095342,0.086231,0.075237,0.063119,0.050737,0.039125,0.028971,0.021078,0.015406,0.011596,0.008726,0.006058,0.003077,0.0,64.482944,4497.809026,2900.319697,24260.226577,7807.914421,55.487829,4,0.0,0.0
2,A40849Q,0.0,0.0,0.0,0.0,0.0,0.0,0.0,0.0,0.0,0.0,0.0,0.0,0.0,0.0,0.0,0.0,0.0,0.0,0.0,0.0,0.0,0.0,0.0,0.0,0.0,0.0,0.0,0.0,0.0,0.0,0.0,0.0,0.0,0.0,0.0,0.0,0.0,0.0,0.000505,0.001234,0.001654,0.002205,0.002699,0.003012,0.003036,0.002757,0.002327,0.002148,0.002871,0.005342,0.010376,0.018719,0.0305,0.045702,0.063364,0.082134,0.09984,0.113501,0.12025,0.117807,0.105963,0.087091,0.065535,0.046301,0.033171,0.026725,0.025011,0.024519,0.022472,0.018046,0.012136,0.00587,0.0,64.482944,4497.809026,2900.319697,24260.226577,7807.914421,55.487829,4,0.0,0.0
2,A40916G_Q,0.0,0.0,0.0,0.0,0.0,0.0,0.0,0.0,0.0,0.0,0.0,0.0,0.0,0.0,0.0,0.0,0.0,0.0,0.0,0.0,0.0,0.0,0.0,0.0,0.0,0.0,0.0,0.0,0.0,0.0,0.0,0.0,0.0,0.0,0.0,0.0,0.0,0.0,0.0,0.0,0.0,0.0,0.0,0.001188,0.002621,0.00468,0.00752,0.011106,0.015555,0.021125,0.028272,0.037825,0.050301,0.066173,0.084574,0.10359,0.119929,0.129634,0.12968,0.119138,0.099629,0.075183,0.050376,0.028983,0.013831,0.003499,0.000408,0.0,0.0,0.0,0.0,0.0,0.0,64.482944,4497.809026,2900.319697,24260.226577,7807.914421,55.487829,4,0.0,0.0
2,A41055G_Q,0.0,0.0,0.0,0.0,0.0,0.0,0.0,0.0,0.0,0.0,0.0,0.0,0.0,0.0,0.0,0.0,0.0,0.0,0.0,0.0,0.0,0.0,0.0,0.0,0.0,0.0,0.0,0.0,0.0,0.0,0.0,0.0,0.0,0.0,0.0,0.0,0.0,0.0,0.0,0.0,0.0,0.0,0.0,0.0,0.0,0.0,8.3e-05,0.004888,0.019347,0.04103,0.06829,0.097427,0.122591,0.138934,0.142766,0.133658,0.113994,0.088488,0.061892,0.039122,0.022483,0.01288,0.009313,0.009839,0.012144,0.014251,0.014818,0.013484,0.010616,0.007066,0.003882,0.001537,0.0,64.482944,4497.809026,2900.319697,24260.226577,7807.914421,55.487829,4,0.0,0.0
2,A41111_Q,0.0,0.0,0.0,0.0,0.0,0.0,0.0,0.0,0.0,0.0,0.0,0.0,0.0,0.0,0.0,0.0,0.0,0.0,0.0,0.0,0.0,0.0,0.0,0.0,0.0,0.0,0.0,0.0,0.0,0.000899,0.001232,0.001599,0.002076,0.002625,0.003167,0.003568,0.003702,0.003522,0.003121,0.002692,0.002543,0.003021,0.00437,0.0065,0.008913,0.010648,0.010741,0.008711,0.005325,0.00313,0.006241,0.019397,0.045549,0.084627,0.130206,0.171139,0.193362,0.185941,0.147292,0.087598,0.036981,0.004387,0.0,0.0,0.0,0.0,0.0,0.0,0.0,0.0,0.0,0.0,0.0,64.482944,4497.809026,2900.319697,24260.226577,7807.914421,55.487829,4,0.0,0.0
2,A51323G_Q,0.0,0.0,0.0,0.0,0.0,0.0,0.0,0.0,0.0,0.0,0.0,0.0,0.0,0.0,0.0,0.0,0.0,0.0,0.0,0.0,0.0,0.0,0.0,0.0,0.0,0.0,0.0,0.0,0.0,0.001008,0.002014,0.003177,0.004535,0.006009,0.007597,0.009264,0.010985,0.012766,0.014582,0.016488,0.0185,0.0207,0.023165,0.02594,0.029076,0.032435,0.035872,0.039028,0.041562,0.043169,0.043736,0.043462,0.042849,0.042584,0.043314,0.045361,0.048492,0.051812,0.054071,0.05402,0.051145,0.045979,0.039859,0.034303,0.030307,0.027811,0.026109,0.024202,0.021434,0.017445,0.01236,0.006294,0.0,64.482944,4497.809026,2900.319697,24260.226577,7807.914421,55.487829,4,0.0,0.0
2,A61252G,0.0,0.0,0.0,0.0,0.0,0.0,0.0,0.0,0.0,0.0,0.0,0.0,0.0,0.0,0.0,0.0,0.0,0.0,0.0,0.0,0.0,0.0,0.0,0.0,0.0,0.0,0.0,0.0,0.0,0.0,0.0,0.0001,0.001195,0.00165,0.002,0.00219,0.00216,0.00192,0.001575,0.001343,0.001567,0.002688,0.005163,0.009296,0.015194,0.022375,0.030112,0.037111,0.042148,0.044241,0.043138,0.039535,0.035211,0.032521,0.033988,0.041376,0.055029,0.073149,0.092449,0.107843,0.114953,0.110489,0.093888,0.067045,0.03546,0.004718,0.0,0.0,0.0,0.0,0.0,0.0,0.0,64.482944,4497.809026,2900.319697,24260.226577,7807.914421,55.487829,4,0.0,0.0
2,A70715G_Q,0.0,0.0,0.0,0.0,0.0,0.0,0.0,0.0,0.0,0.0,0.0,0.0,0.0,0.0,0.0,0.0,0.0,0.0,0.0,0.0,0.0,0.0,0.0,0.0,0.0,0.0,0.0,0.0,0.0,0.0,0.0,0.0,0.0,0.0,0.0,0.0,0.0,0.0,0.0,0.0,0.0,0.0,0.0,0.0,0.0,0.000128,0.002962,0.017052,0.036015,0.060224,0.08477,0.105318,0.116947,0.117376,0.107058,0.089472,0.069805,0.053269,0.042829,0.039102,0.040058,0.042578,0.043637,0.041373,0.035567,0.027162,0.018093,0.009855,0.004002,0.00017,0.0,0.0,0.0,64.482944,4497.809026,2900.319697,24260.226577,7807.914421,55.487829,4,0.0,0.0
2,A70954G_Q,0.0,0.0,0.0,0.0,0.0,0.0,0.0,0.0,0.0,0.0,0.0,0.0,0.0,0.0,0.0,0.0,0.0,0.0,0.0,0.0,0.0,0.0,0.0,0.0,0.0,0.0,0.0,0.0,0.0,1e-05,0.00149,0.00235,0.003249,0.004202,0.005198,0.006263,0.007417,0.008708,0.010153,0.0118,0.013631,0.015633,0.01776,0.01995,0.02221,0.024546,0.027159,0.030312,0.034437,0.039989,0.047249,0.056324,0.066483,0.076616,0.084663,0.088389,0.085672,0.075447,0.058057,0.036514,0.014332,0.00017,0.0,0.0,0.002509,0.014344,0.026729,0.036374,0.040909,0.039144,0.031168,0.017263,0.0,64.482944,4497.809026,2900.319697,24260.226577,7807.914421,55.487829,4,0.0,0.0
2,A71209G_Q,0.0,0.0,0.0,0.0,0.0,0.0,0.0,0.0,0.0,0.0,0.0,0.0,0.0,0.0,0.0,0.0,0.0,0.0,0.0,0.0,0.0,0.0,0.0,0.0,0.0,0.0,0.0,0.0,0.0,7e-06,0.001119,0.00184,0.002679,0.003661,0.004763,0.005973,0.007251,0.008566,0.009837,0.011029,0.012094,0.013062,0.014034,0.015205,0.016894,0.019425,0.023171,0.028276,0.034693,0.041988,0.049293,0.055601,0.059653,0.060638,0.058231,0.052865,0.045623,0.038078,0.031653,0.027622,0.026406,0.027843,0.031223,0.035676,0.040399,0.044911,0.048578,0.050571,0.049559,0.043977,0.03326,0.017595,0.0,64.482944,4497.809026,2900.319697,24260.226577,7807.914421,55.487829,4,0.0,0.0
2,A71459G_Q,0.0,0.0,0.0,0.0,0.0,0.0,0.0,0.0,0.0,0.0,0.0,0.0,0.0,0.0,0.0,0.0,0.0,0.0,0.0,0.0,0.0,0.0,0.0,0.0,0.0,0.0,0.0,0.0,0.0,0.0,0.0,0.0,0.0,0.0,0.0,0.0,0.0,0.0,0.0,0.0,0.0,0.0,0.0,0.0,0.0,8.2e-05,0.001339,0.005132,0.010755,0.018502,0.027317,0.03624,0.043945,0.049806,0.053621,0.055919,0.057487,0.05893,0.060337,0.061198,0.060938,0.059397,0.0571,0.055181,0.054898,0.056933,0.060748,0.064452,0.065062,0.059302,0.045739,0.024465,0.0,64.482944,4497.809026,2900.319697,24260.226577,7807.914421,55.487829,4,0.0,0.0
3,A21134G_Q,0.0,0.0,0.0,0.0,0.0,0.0,0.0,0.0,0.0,0.0,0.0,0.0,0.0,0.0,0.0,0.0,0.0,0.0,0.0,0.0,0.0,0.0,0.0,0.0,0.0,0.0,0.0,0.0,0.0,0.0,0.0,0.0,0.0,0.0,0.0,0.0,0.0,0.0,0.0,0.0,0.0,0.0,0.0,0.001316,0.003374,0.005582,0.007242,0.007334,0.00516,0.001285,0.0,0.0,0.000209,0.008295,0.032337,0.078926,0.133159,0.186471,0.21261,0.201431,0.157668,0.099682,0.047748,0.014068,0.000925,0.0,0.0,0.0,0.0,0.0,0.0,0.0,0.0,64.482944,4497.809026,2900.319697,24260.226577,7807.914421,55.487829,4,0.0,0.0
3,A31011_Q,0.0,0.0,0.0,0.0,0.0,0.0,0.0,0.0,0.0,0.0,0.0,0.0,0.0,0.0,0.0,0.0,0.0,0.0,0.0,0.0,0.0,0.0,0.0,0.0,0.0,0.0,0.0,0.0,0.0,0.0,3.7e-05,0.000851,0.001088,0.00146,0.001944,0.002533,0.003191,0.003861,0.004457,0.004933,0.005283,0.0056,0.006059,0.006874,0.008231,0.010105,0.012223,0.013909,0.014281,0.012443,0.008203,0.001709,0.0,0.0,0.008478,0.046245,0.097732,0.147199,0.181365,0.189614,0.170096,0.128841,0.077982,0.027294,0.0007,0.0,0.0,0.0,0.0,0.0,0.0,0.0,0.0,64.482944,4497.809026,2900.319697,24260.226577,7807.914421,55.487829,4,0.0,0.0
3,A31238G_Q,0.0,0.0,0.0,0.0,0.0,0.0,0.0,0.0,0.0,0.0,0.0,0.0,0.0,0.0,0.0,0.0,0.0,0.0,0.0,0.0,0.0,0.0,0.0,0.0,0.0,0.0,0.0,0.0,0.0,0.0,0.0,0.0,0.0,0.0,0.0,0.0,0.0,0.0,0.0,0.0,0.0,0.0,0.0,0.0,4.4e-05,0.001151,0.003651,0.006511,0.009248,0.010611,0.009746,0.006529,0.002382,8.8e-05,0.002367,0.014557,0.041141,0.081601,0.128924,0.169082,0.189385,0.182391,0.150927,0.105774,0.060374,0.025632,0.002705,0.0,0.0,0.0,0.0,0.0,0.0,64.482944,4497.809026,2900.319697,24260.226577,7807.914421,55.487829,4,0.0,0.0
3,A40930_Q,0.0,0.0,0.0,0.0,0.0,0.0,0.0,0.0,0.0,0.0,0.0,0.0,0.0,0.0,0.0,0.0,0.0,0.0,0.0,0.0,0.0,0.0,0.0,0.0,0.0,0.0,0.0,0.0,0.0,0.0,0.0,0.0,0.0,0.0,0.0,0.0,0.0,0.0,0.0,0.0,0.0,0.0,0.0,0.0,0.0,0.0,0.0,0.0,0.0,0.0,0.0,0.0,0.0,0.0,3.3e-05,0.005707,0.030309,0.079577,0.147065,0.207606,0.234043,0.212749,0.155249,0.088055,0.036658,0.007158,0.000613,0.0,0.0,0.0,0.0,0.0,0.0,64.482944,4497.809026,2900.319697,24260.226577,7807.914421,55.487829,4,0.0,0.0
3,A41325Q,0.0,0.0,0.0,0.0,0.0,0.0,0.0,0.0,0.0,0.0,0.0,0.0,0.0,0.0,0.0,0.0,0.0,0.0,0.0,0.0,0.0,0.0,0.0,0.0,0.0,0.0,0.0,0.0,0.0,0.0,0.0,0.0,0.0,0.0,0.0,0.0,0.0,0.0,0.0,0.0,0.0,0.0,0.0,0.0,0.0,0.0,0.0,0.0,0.0,0.0,0.0,0.0,0.0,0.004544,0.021923,0.04789,0.081217,0.114821,0.141543,0.154801,0.152696,0.137317,0.113649,0.087146,0.062301,0.041073,0.024712,0.012809,0.005301,0.00103,5.1e-05,0.0,0.0,64.482944,4497.809026,2900.319697,24260.226577,7807.914421,55.487829,4,0.0,0.0
3,A51229G_Q,0.0,0.0,0.0,0.0,0.0,0.0,0.0,0.0,0.0,0.0,0.0,0.0,0.0,0.0,0.0,0.0,0.0,0.0,0.0,0.0,0.0,0.0,0.0,0.0,0.0,0.0,0.0,0.0,0.0,0.0,0.0,0.0,0.0,0.0,0.0,0.0,0.0,0.0,0.0,0.0,0.0,0.0,0.0,0.0,0.0,0.0,0.0,0.0,0.0,0.0,0.0,0.0,0.0,0.001057,0.015745,0.0528,0.109656,0.171379,0.215746,0.222804,0.189382,0.130333,0.068946,0.024375,0.002599,0.0,0.0,0.0,0.0,0.0,0.0,0.0,0.0,64.482944,4497.809026,2900.319697,24260.226577,7807.914421,55.487829,4,0.0,0.0
3,A51253Q,0.0,0.0,0.0,0.0,0.0,0.0,0.0,0.0,0.0,0.0,0.0,0.0,0.0,0.0,0.0,0.0,0.0,0.0,0.0,0.0,0.0,0.0,0.0,0.0,0.0,0.0,0.0,0.0,0.0,0.0,0.0,0.0,0.0,0.0,0.0,0.0,0.0,0.0,0.0,0.0,0.0,0.0,0.0,0.0,0.0,0.0,0.0,0.0,0.0,0.0,0.0,0.0,0.0,0.0,0.000148,0.007892,0.038378,0.094927,0.166139,0.221991,0.235836,0.20086,0.13619,0.070971,0.026629,0.004548,0.000314,0.0,0.0,0.0,0.0,0.0,0.0,64.482944,4497.809026,2900.319697,24260.226577,7807.914421,55.487829,4,0.0,0.0
3,A51609Q,0.0,0.0,0.0,0.0,0.0,0.0,0.0,0.0,0.0,0.0,0.0,0.0,0.0,0.0,0.0,0.0,0.0,0.0,0.0,0.0,0.0,0.0,0.0,0.0,0.0,0.0,0.0,0.0,0.0,0.0,0.0,0.0,0.0,0.0,0.0,0.0,0.0,0.0,0.0,0.0,0.0,0.0,0.0,0.0,0.0,0.0,0.0,0.0,0.0,0.0,0.0,0.0,0.0,0.0,5.3e-05,0.005719,0.034635,0.098427,0.185509,0.252322,0.258376,0.199889,0.114371,0.04507,0.010045,0.000405,0.0,0.0,0.0,0.0,0.0,0.0,0.0,64.482944,4497.809026,2900.319697,24260.226577,7807.914421,55.487829,4,0.0,0.0
3,A51610G_Q,0.0,0.0,0.0,0.0,0.0,0.0,0.0,0.0,0.0,0.0,0.0,0.0,0.0,0.0,0.0,0.0,0.0,0.0,0.0,0.0,0.0,0.0,0.0,0.0,0.0,0.0,0.0,0.0,0.0,0.0,0.0,0.0,0.0,0.0,0.0,0.0,0.0,0.0,0.0,0.0,0.0,0.0,0.0,0.0,0.0,0.0,0.0,0.0,0.0,0.0,0.0,0.0,0.0,0.002118,0.015733,0.041681,0.077897,0.117415,0.15108,0.169303,0.167966,0.148643,0.117872,0.083796,0.053537,0.03043,0.015544,0.007077,0.003006,0.00114,0.000455,0.000128,0.0,64.482944,4497.809026,2900.319697,24260.226577,7807.914421,55.487829,4,0.0,0.0
3,A51613G,0.0,0.0,0.0,0.0,0.0,0.0,0.0,0.0,0.0,0.0,0.0,0.0,0.0,0.0,0.0,0.0,0.0,0.0,0.0,0.0,0.0,0.0,0.0,0.0,0.0,0.0,0.0,0.0,0.0,0.0,0.0,0.0,0.0,0.0,0.0,0.0,0.0,0.0,0.0,0.0,0.0,0.0,0.0,0.0,0.0,0.0,0.0,0.0,0.0,0.0,0.0,0.0,0.0,0.0,0.001276,0.014086,0.042245,0.084028,0.133004,0.175442,0.19816,0.192339,0.159732,0.111466,0.062922,0.026205,0.003872,4.4e-05,0.0,0.0,0.0,0.0,0.0,64.482944,4497.809026,2900.319697,24260.226577,7807.914421,55.487829,4,0.0,0.0
3,A51615G_Q,0.0,0.0,0.0,0.0,0.0,0.0,0.0,0.0,0.0,0.0,0.0,0.0,0.0,0.0,0.0,0.0,0.0,0.0,0.0,0.0,0.0,0.0,0.0,0.0,0.0,0.0,0.0,0.0,0.0,0.0,0.0,0.0,0.0,0.0,0.0,0.0,0.0,0.0,0.0,0.0,0.0,0.0,0.0,0.0,0.0,0.0,0.0,0.0,0.0,0.0,0.0,0.0,0.0,0.000252,0.006616,0.037166,0.10328,0.191031,0.257804,0.259924,0.195915,0.107088,0.038928,0.006497,0.000321,0.0,0.0,0.0,0.0,0.0,0.0,0.0,0.0,64.482944,4497.809026,2900.319697,24260.226577,7807.914421,55.487829,4,0.0,0.0
3,A51636G_Q,0.0,0.0,0.0,0.0,0.0,0.0,0.0,0.0,0.0,0.0,0.0,0.0,0.0,0.0,0.0,0.0,0.0,0.0,0.0,0.0,0.0,0.0,0.0,0.0,0.0,0.0,0.0,0.0,0.0,0.0,0.0,0.0,0.0,0.0,0.0,0.0,0.0,0.0,0.0,0.0,0.0,0.0,0.0,6e-06,0.001458,0.003662,0.00652,0.009567,0.011769,0.012142,0.010179,0.006475,0.003288,0.00424,0.013531,0.034301,0.066792,0.106469,0.145394,0.172307,0.178997,0.16229,0.126719,0.081548,0.041211,0.005958,0.0,0.0,0.0,0.0,0.0,0.0,0.0,64.482944,4497.809026,2900.319697,24260.226577,7807.914421,55.487829,4,0.0,0.0
3,A61142_Q,0.0,0.0,0.0,0.0,0.0,0.0,0.0,0.0,0.0,0.0,0.0,0.0,0.0,0.0,0.0,0.0,0.0,0.0,0.0,0.0,0.0,0.0,0.0,0.0,0.0,0.0,0.0,0.0,0.0,0.0,0.0,0.0,0.0,0.0,0.0,0.0,0.0,0.0,0.0,0.0,0.0,0.0,0.0,0.0,0.0,0.0,0.0,0.0,0.0,0.0,0.0,0.0,0.0,0.0,0.000133,0.008621,0.036142,0.081106,0.135981,0.182963,0.205858,0.196194,0.159006,0.108454,0.060397,0.025282,0.004441,0.000244,0.0,0.0,0.0,0.0,0.0,64.482944,4497.809026,2900.319697,24260.226577,7807.914421,55.487829,4,0.0,0.0
3,A61159_Q,0.0,0.0,0.0,0.0,0.0,0.0,0.0,0.0,0.0,0.0,0.0,0.0,0.0,0.0,0.0,0.0,0.0,0.0,0.0,0.0,0.0,0.0,0.0,0.0,0.0,0.0,0.0,0.0,0.0,0.0,0.0,0.0,0.0,0.0,0.0,0.0,0.0,0.0,0.0,0.0,0.0,0.0,0.0,0.0,0.0,0.0,0.0,0.0,0.0,0.0,0.0,0.0,0.0,9e-06,0.005057,0.029084,0.078036,0.144214,0.20479,0.231232,0.211472,0.156425,0.091736,0.040291,0.011612,0.000864,0.0,0.0,0.0,0.0,0.0,0.0,0.0,64.482944,4497.809026,2900.319697,24260.226577,7807.914421,55.487829,4,0.0,0.0
3,A61220G_Q,0.0,0.0,0.0,0.0,0.0,0.0,0.0,0.0,0.0,0.0,0.0,0.0,0.0,0.0,0.0,0.0,0.0,0.0,0.0,0.0,0.0,0.0,0.0,0.0,0.0,0.0,0.0,0.0,0.0,0.0,0.0,0.0,0.0,0.0,0.0,0.0,0.0,0.0,0.0,0.0,0.0,0.0,0.0,0.0,0.0,0.0,0.0,0.0,0.0,0.0,0.0,0.0,0.0,0.0,0.006511,0.031169,0.070172,0.118448,0.164421,0.193282,0.195682,0.17063,0.126854,0.07812,0.037559,0.011301,0.000673,0.0,0.0,0.0,0.0,0.0,0.0,64.482944,4497.809026,2900.319697,24260.226577,7807.914421,55.487829,4,0.0,0.0
3,A70921_Q,0.0,0.0,0.0,0.0,0.0,0.0,0.0,0.0,0.0,0.0,0.0,0.0,0.0,0.0,0.0,0.0,0.0,0.0,0.0,0.0,0.0,0.0,0.0,0.0,0.0,0.0,0.0,0.0,0.0,0.0,0.0,0.0,0.0,0.0,0.0,0.0,0.0,0.0,0.0,0.0,0.0,0.0,0.0,0.0,0.0,0.0,0.0,0.0,0.0,0.0,0.0,0.0,0.0,0.0,0.001923,0.021053,0.075143,0.160575,0.241537,0.267573,0.2222,0.13682,0.059718,0.016435,0.001843,2e-06,0.0,0.0,0.0,0.0,0.0,0.0,0.0,64.482944,4497.809026,2900.319697,24260.226577,7807.914421,55.487829,4,0.0,0.0
3,A71208_Q,0.0,0.0,0.0,0.0,0.0,0.0,0.0,0.0,0.0,0.0,0.0,0.0,0.0,0.0,0.0,0.0,0.0,0.0,0.0,0.0,0.0,0.0,0.0,0.0,0.0,0.0,0.0,0.0,0.0,0.0,0.0,0.0,0.0,0.0,0.0,0.0,0.0,0.0,0.0,0.0,0.0,0.0,0.0,0.0,0.0,0.0,0.0,0.0,0.0,0.0,0.0,0.0,0.0,0.000649,0.009588,0.034777,0.072518,0.118683,0.163483,0.193549,0.198997,0.176178,0.130909,0.076448,0.027388,0.001655,0.0,0.0,0.0,0.0,0.0,0.0,0.0,64.482944,4497.809026,2900.319697,24260.226577,7807.914421,55.487829,4,0.0,0.0
3,A71508G,0.0,0.0,0.0,0.0,0.0,0.0,0.0,0.0,0.0,0.0,0.0,0.0,0.0,0.0,0.0,0.0,0.0,0.0,0.0,0.0,0.0,0.0,0.0,0.0,0.0,0.0,0.0,0.0,0.0,0.0,0.0,0.0,0.0,0.0,0.0,0.0,0.0,0.0,0.0,0.0,0.0,0.0,0.0,3e-06,0.000954,0.001579,0.002848,0.004627,0.00691,0.009498,0.01235,0.015833,0.020747,0.028551,0.040638,0.057947,0.079986,0.104042,0.126074,0.140498,0.143292,0.132667,0.110386,0.081133,0.051227,0.025695,0.00718,0.000157,0.0,0.0,0.0,0.0,0.0,64.482944,4497.809026,2900.319697,24260.226577,7807.914421,55.487829,4,0.0,0.0
4,A11642G_Q,0.0,0.0,0.0,0.0,0.0,0.0,0.0,0.0,0.0,0.0,0.0,0.0,0.0,0.0,0.0,0.0,0.0,0.0,0.0,0.0,0.0,0.0,0.0,0.0,0.0,0.0,0.0,0.0,0.0,0.0,0.0,0.0,0.0,0.0,0.0,0.0,0.0,0.0,0.0,0.0,0.0,0.0,0.0,0.000824,0.001462,0.002135,0.002656,0.002825,0.002496,0.00178,0.001139,0.001407,0.003628,0.008774,0.017169,0.02831,0.040718,0.052233,0.06116,0.066555,0.069231,0.070963,0.073701,0.078455,0.084726,0.090997,0.09505,0.094963,0.089194,0.076355,0.056399,0.029519,0.0,64.482944,4497.809026,2900.319697,24260.226577,7807.914421,55.487829,4,0.0,0.0
4,A21400Q,0.0,0.0,0.0,0.0,0.0,0.0,0.0,0.0,0.0,0.0,0.0,0.0,0.0,0.0,0.0,0.0,0.0,0.0,0.0,0.0,0.0,0.0,0.0,0.0,0.0,0.0,0.0,0.0,0.0,0.0,0.0,0.0,0.0,0.0,0.0,0.0,0.0,0.0,0.0,0.0,0.0,0.0,0.0,0.0,0.0,0.0,0.0,0.0,0.0,0.0,0.0,0.0,0.0,0.0,0.0,0.0,0.0,0.0,0.000151,0.011722,0.035518,0.068957,0.106806,0.141565,0.164677,0.170557,0.158044,0.131155,0.097532,0.064537,0.037248,0.016354,0.0,64.482944,4497.809026,2900.319697,24260.226577,7807.914421,55.487829,4,0.0,0.0
4,A21401G_Q,0.0,0.0,0.0,0.0,0.0,0.0,0.0,0.0,0.0,0.0,0.0,0.0,0.0,0.0,0.0,0.0,0.0,0.0,0.0,0.0,0.0,0.0,0.0,0.0,0.0,0.0,0.0,0.0,0.0,0.0,0.0,0.0,0.0,0.0,0.000205,0.000881,0.000985,0.001207,0.001518,0.00189,0.002319,0.002786,0.003271,0.003756,0.00425,0.004775,0.005408,0.006223,0.007305,0.008677,0.010253,0.011849,0.013125,0.013783,0.013661,0.012975,0.012466,0.013482,0.017908,0.027567,0.043801,0.066006,0.091581,0.115805,0.132793,0.137925,0.129152,0.10832,0.080864,0.053105,0.030047,0.012898,0.0,64.482944,4497.809026,2900.319697,24260.226577,7807.914421,55.487829,4,0.0,0.0
4,A30759Q,0.0,0.0,0.0,0.0,0.0,0.0,0.0,0.0,0.0,0.0,0.0,0.0,0.0,0.0,0.0,0.0,0.0,0.0,0.0,0.0,0.0,0.0,0.0,0.0,0.0,0.0,0.0,0.0,0.0,0.0,0.0,0.0,0.0,0.0,0.0,0.0,0.0,0.0,0.0,0.0,0.0,0.0,0.0,0.0,0.0,0.0,0.0,0.0,0.0,0.0,0.0,0.0,0.0,0.0,0.0,0.0,0.0,0.0,0.0,7.4e-05,0.007513,0.039916,0.107847,0.194293,0.254377,0.250694,0.187361,0.104825,0.042949,0.012474,0.002223,0.000276,0.0,64.482944,4497.809026,2900.319697,24260.226577,7807.914421,55.487829,4,0.0,0.0
4,A30845G_Q,0.0,0.0,0.0,0.0,0.0,0.0,0.0,0.0,0.0,0.0,0.0,0.0,0.0,0.0,0.0,0.0,0.0,0.0,0.0,0.0,0.0,0.0,0.0,0.0,0.0,0.0,0.0,0.0,0.0,0.0,0.0,0.0,0.0,0.0,0.0,0.0,0.0,0.0,0.0,0.0,0.0,0.0,0.0,0.0,0.0,0.0,0.0,0.0,0.0,0.0,0.0,0.0,0.0,0.0,0.0,1e-06,0.005057,0.021731,0.047513,0.079174,0.111648,0.137734,0.151786,0.151054,0.136933,0.113668,0.087495,0.063031,0.043373,0.028664,0.017635,0.008324,0.0,64.482944,4497.809026,2900.319697,24260.226577,7807.914421,55.487829,4,0.0,0.0
4,A31238Q,0.0,0.0,0.0,0.0,0.0,0.0,0.0,0.0,0.0,0.0,0.0,0.0,0.0,0.0,0.0,0.0,0.0,0.0,0.0,0.0,0.0,0.0,0.0,0.0,0.0,0.0,0.0,0.0,0.0,0.0,0.0,0.0,0.0,0.0,0.0,0.0,0.0,0.0,0.0,0.0,0.0,0.0,0.0,0.0,0.0,0.0,0.0,0.0,0.0,0.0,0.0,0.0,0.0,0.0,0.0,0.0,0.0,0.0,0.0,0.0,0.0,0.007181,0.042106,0.101342,0.16777,0.215036,0.221882,0.188414,0.133208,0.078513,0.037502,0.011869,0.0,64.482944,4497.809026,2900.319697,24260.226577,7807.914421,55.487829,4,0.0,0.0
4,A40817G_Q,0.0,0.0,0.0,0.0,0.0,0.0,0.0,0.0,0.0,0.0,0.0,0.0,0.0,0.0,0.0,0.0,0.0,0.0,0.0,0.0,0.0,0.0,0.0,0.0,0.0,0.0,0.0,0.0,0.0,0.0,0.0,0.0,0.0,0.0,0.0,0.0,0.0,0.0,0.0,0.0,0.0,0.0,0.0,0.0,0.0,0.0,0.0,0.0,0.0,0.0,0.0,0.0,0.0,0.0,0.0,0.0,0.00175,0.009117,0.024547,0.047552,0.076333,0.106264,0.131813,0.147605,0.150235,0.139584,0.119083,0.093657,0.068589,0.046703,0.028692,0.013297,0.0,64.482944,4497.809026,2900.319697,24260.226577,7807.914421,55.487829,4,0.0,0.0
4,A41325G_Q,0.0,0.0,0.0,0.0,0.0,0.0,0.0,0.0,0.0,0.0,0.0,0.0,0.0,0.0,0.0,0.0,0.0,0.0,0.0,0.0,0.0,0.0,0.0,0.0,0.0,0.0,0.0,0.0,0.0,0.0,0.0,0.0,0.0,0.0,0.0,0.0,0.0,0.0,0.0,0.0,0.0,0.0,0.0,4e-06,0.001055,0.001971,0.003621,0.006039,0.008977,0.011934,0.014212,0.015218,0.0147,0.013094,0.011668,0.012323,0.017164,0.0276,0.043909,0.064024,0.084905,0.102299,0.112908,0.115072,0.109443,0.098346,0.085071,0.071801,0.059511,0.047184,0.033522,0.017244,0.0,64.482944,4497.809026,2900.319697,24260.226577,7807.914421,55.487829,4,0.0,0.0
4,A41400_Q,0.0,0.0,0.0,0.0,0.0,0.0,0.0,0.0,0.0,0.0,0.0,0.0,0.0,0.0,0.0,0.0,0.0,0.0,0.0,0.0,0.0,0.0,0.0,0.0,0.0,0.0,0.0,0.0,0.0,0.0,0.0,0.0,0.0,0.0,0.0,0.0,0.0,0.0,0.0,0.0,0.0,0.0,0.0,0.0,0.0,0.0,0.0,0.0,0.0,0.0,0.0,0.0,0.0,0.0,0.0,0.001829,0.008316,0.021155,0.040297,0.064708,0.092153,0.118408,0.139167,0.150413,0.149514,0.135899,0.111906,0.081617,0.051204,0.02609,0.009876,0.002269,0.0,64.482944,4497.809026,2900.319697,24260.226577,7807.914421,55.487829,4,0.0,0.0
4,A61117G_Q ?undigested?,0.0,0.0,0.0,0.0,0.0,0.0,0.0,0.0,0.0,0.0,0.0,0.0,0.0,0.0,0.0,0.0,0.0,0.0,0.0,0.0,0.0,0.0,0.0,0.0,0.0,0.0,0.0,0.0,0.0,0.0,0.0,0.0,0.0,0.0,0.0,0.0,0.0,0.0,0.0,0.0,0.0,0.0,0.0,0.0,0.0,0.0,0.000224,0.001816,0.002967,0.003982,0.004608,0.004452,0.003491,0.002195,0.00173,0.003794,0.010245,0.022252,0.039942,0.061113,0.082697,0.100534,0.111739,0.115341,0.112625,0.106113,0.098329,0.090125,0.080748,0.067847,0.049865,0.026048,0.0,64.482944,4497.809026,2900.319697,24260.226577,7807.914421,55.487829,4,0.0,0.0
4,A61117Q,0.0,0.0,0.0,0.0,0.0,0.0,0.0,0.0,0.0,0.0,0.0,0.0,0.0,0.0,0.0,0.0,0.0,0.0,0.0,0.0,0.0,0.0,0.0,0.0,0.0,0.0,0.0,0.0,0.0,0.0,0.0,0.0,0.0,0.0,0.0,0.0,0.0,0.0,0.0,0.0,0.0,0.0,0.0,0.0,0.0,0.0,0.0,0.0,0.0,0.0,0.0,0.0,0.0,0.0,0.0,0.002545,0.011534,0.026851,0.04918,0.0764,0.105375,0.130895,0.148105,0.153265,0.145113,0.124976,0.097232,0.066861,0.039544,0.018965,0.006654,0.00133,0.0,64.482944,4497.809026,2900.319697,24260.226577,7807.914421,55.487829,4,0.0,0.0
4,A71054_Q,0.0,0.0,0.0,0.0,0.0,0.0,0.0,0.0,0.0,0.0,0.0,0.0,0.0,0.0,0.0,0.0,0.0,0.0,0.0,0.0,0.0,0.0,0.0,0.0,0.0,0.0,0.0,0.0,0.0,0.0,0.0,0.0,0.0,0.0,0.0,0.0,0.0,0.0,0.0,0.0,0.0,0.0,0.0,0.0,0.0,0.0,0.0,0.0,0.0,0.0,0.0,0.0,0.0,0.0,0.0,0.0,0.001784,0.011755,0.030616,0.056925,0.088171,0.118822,0.142646,0.154124,0.150628,0.133492,0.108078,0.080506,0.056265,0.037291,0.02291,0.010808,0.0,64.482944,4497.809026,2900.319697,24260.226577,7807.914421,55.487829,4,0.0,0.0
4,A71102G_Q,0.0,0.0,0.0,0.0,0.0,0.0,0.0,0.0,0.0,0.0,0.0,0.0,0.0,0.0,0.0,0.0,0.0,0.0,0.0,0.0,0.0,0.0,0.0,0.0,0.0,0.0,0.0,0.0,0.0,0.0,0.0,0.0,0.0,0.0,0.0,0.0,0.0,0.0,0.0,0.0,0.0,0.0,0.0,0.0,0.0,0.0,0.0,0.0,0.0,0.0,0.0,0.0,0.0,0.0,0.002531,0.015972,0.036981,0.061597,0.084872,0.100805,0.106434,0.102363,0.09292,0.083571,0.078211,0.077326,0.078511,0.078134,0.073269,0.062264,0.045476,0.023584,0.0,64.482944,4497.809026,2900.319697,24260.226577,7807.914421,55.487829,4,0.0,0.0
4,A71103G_Q,0.0,0.0,0.0,0.0,0.0,0.0,0.0,0.0,0.0,0.0,0.0,0.0,0.0,0.0,0.0,0.0,0.0,0.0,0.0,0.0,0.0,0.0,0.0,0.0,0.0,0.0,0.0,0.0,0.0,0.0,0.0,0.0,0.0,0.0,0.0,0.0,0.0,0.0,0.0,0.0,0.0,0.0,0.0,0.0,2.9e-05,0.000944,0.001893,0.002956,0.003502,0.003278,0.00208,0.000381,0.0,0.0,0.003039,0.011742,0.024285,0.039307,0.054254,0.066155,0.073928,0.078299,0.081735,0.08661,0.093511,0.10091,0.105631,0.104795,0.096693,0.080768,0.058178,0.029919,0.0,64.482944,4497.809026,2900.319697,24260.226577,7807.914421,55.487829,4,0.0,0.0
4,CT-01B_3_acidified  Core at rear of mangroves Claret Bay,0.0,0.0,0.0,0.0,0.0,0.0,0.0,0.0,0.0,0.0,0.0,0.0,0.0,0.0,0.0,0.0,0.0,0.0,0.0,0.0,0.0,0.0,0.0,0.0,0.0,0.0,0.0,0.0,0.0,0.0,0.0,0.0,0.0,0.0,0.0,0.0,0.0,0.0,0.0,0.0,0.0,0.0,0.0,0.0,0.0,0.0,0.0,0.0,0.0,0.0,0.0,0.0,0.0,0.0,0.0,0.0,0.000602,0.010723,0.032651,0.064699,0.102771,0.138314,0.162651,0.169037,0.156265,0.128795,0.095422,0.063735,0.039398,0.022892,0.012169,0.004819,0.0,64.482944,4497.809026,2900.319697,24260.226577,7807.914421,55.487829,4,0.0,0.0
4,CT_Foredune_HCl,0.0,0.0,0.0,0.0,0.0,0.0,0.0,0.0,0.0,0.0,0.0,0.0,0.0,0.0,0.0,0.0,0.0,0.0,0.0,0.0,0.0,0.0,0.0,0.0,0.0,0.0,0.0,0.0,0.0,0.0,0.0,0.0,0.0,0.0,0.0,0.0,0.0,0.0,0.0,0.0,0.0,0.0,0.0,0.0,0.0,0.0,0.0,0.0,0.0,0.0,0.0,0.0,0.0,0.0,0.0,0.0,0.0,0.0,0.007349,0.024096,0.051205,0.085542,0.120964,0.149157,0.162651,0.158555,0.139759,0.11241,0.083976,0.058072,0.035542,0.015301,0.0,64.482944,4497.809026,2900.319697,24260.226577,7807.914421,55.487829,4,0.0,0.0
4,OP_HCl   Old playa,0.0,0.0,0.0,0.0,0.0,0.0,0.0,0.0,0.0,0.0,0.0,0.0,0.0,0.0,0.0,0.0,0.0,0.0,0.0,0.0,0.0,0.0,0.0,0.0,0.0,0.0,0.0,0.0,0.0,0.0,0.0,0.0,0.0,0.0,0.0,0.0,0.0,0.0,0.0,0.0,0.0,0.0,0.0,0.0,0.0,0.0,0.0,0.0,0.0,0.0,0.0,0.0,0.0,0.0,0.0,0.0,0.0,0.0,0.010121,0.031325,0.063374,0.100603,0.135422,0.158916,0.165181,0.153615,0.129157,0.099277,0.070964,0.047109,0.027952,0.011807,0.0,64.482944,4497.809026,2900.319697,24260.226577,7807.914421,55.487829,4,0.0,0.0
4,PK_HCl - Parakeeyla beach,0.0,0.0,0.0,0.0,0.0,0.0,0.0,0.0,0.0,0.0,0.0,0.0,0.0,0.0,0.0,0.0,0.0,0.0,0.0,0.0,0.0,0.0,0.0,0.0,0.0,0.0,0.0,0.0,0.0,0.0,0.0,0.0,0.0,0.0,0.0,0.0,0.0,0.0,0.0,0.0,0.0,0.0,0.0,0.0,0.0,0.0,0.0,0.0,0.0,0.0,0.0,0.0,0.0,0.0,0.0,0.0,0.0,0.0,0.00012,0.003253,0.026747,0.081085,0.160241,0.228434,0.246748,0.206386,0.136024,0.071085,0.030241,0.010723,0.003133,0.000602,0.0,64.482944,4497.809026,2900.319697,24260.226577,7807.914421,55.487829,4,0.0,0.0
4,Parakeelya calcarenite (digested bedrock),0.0,0.0,0.0,0.0,0.0,0.0,0.0,0.0,0.0,0.0,0.0,0.0,0.0,0.0,0.0,0.0,0.0,0.0,0.0,0.0,0.0,0.0,0.0,0.0,0.0,0.0,0.0,0.0,0.0,0.0,0.0,0.0,0.0,0.0,0.0,0.0,0.0,0.0,0.0,0.0,0.0,0.0,0.0,0.000799,0.000969,0.001132,0.001367,0.001662,0.002047,0.002543,0.003196,0.004079,0.005243,0.006749,0.008555,0.010555,0.012551,0.014327,0.01587,0.017526,0.020328,0.025903,0.036267,0.053159,0.076758,0.105529,0.134179,0.156026,0.163145,0.149419,0.11431,0.060628,0.0,64.482944,4497.809026,2900.319697,24260.226577,7807.914421,55.487829,4,0.0,0.0
4,Parakeelya_white beach,0.0,0.0,0.0,0.0,0.0,0.0,0.0,0.0,0.0,0.0,0.0,0.0,0.0,0.0,0.0,0.0,0.0,0.0,0.0,0.0,0.0,0.0,0.0,0.0,0.0,0.0,0.0,0.0,0.0,0.0,0.0,0.0,0.0,0.0,0.0,0.0,0.0,0.0,0.0,0.0,0.0,0.0,0.0,0.0,0.0,0.0,0.0,0.0,0.0,0.0,0.0,0.0,0.0,0.0,0.0,0.0,0.0,0.0,2.9e-05,0.005683,0.033538,0.094854,0.17711,0.241289,0.249326,0.198109,0.121701,0.05691,0.020037,0.005225,0.000898,0.000113,0.0,64.482944,4497.809026,2900.319697,24260.226577,7807.914421,55.487829,4,0.0,0.0
4,Parakeelya_white beach,0.0,0.0,0.0,0.0,0.0,0.0,0.0,0.0,0.0,0.0,0.0,0.0,0.0,0.0,0.0,0.0,0.0,0.0,0.0,0.0,0.0,0.0,0.0,0.0,0.0,0.0,0.0,0.0,0.0,0.0,0.0,0.0,0.0,0.0,0.0,0.0,0.0,0.0,0.0,0.0,0.0,0.0,0.0,0.0,0.0,0.0,0.0,0.0,0.0,0.0,0.0,0.0,0.0,0.0,0.0,0.0,0.0,0.0,0.0,0.005663,0.033494,0.09482,0.177109,0.241326,0.249278,0.198073,0.121687,0.056868,0.02,0.005181,0.000843,0.00012,0.0,64.482944,4497.809026,2900.319697,24260.226577,7807.914421,55.487829,4,0.0,0.0
4,RH3_HCl  Claret Bay core top,0.0,0.0,0.0,0.0,0.0,0.0,0.0,0.0,0.0,0.0,0.0,0.0,0.0,0.0,0.0,0.0,0.0,0.0,0.0,0.0,0.0,0.0,0.0,0.0,0.0,0.0,0.0,0.0,0.0,0.0,0.0,0.0,0.0,0.0,0.0,0.0,0.0,0.0,0.0,0.0,0.0,0.0,0.0,0.0,0.0,0.0,0.0,0.0,0.0,0.0,0.0,0.0,0.0,0.0,0.0,0.0,0.002048,0.013494,0.035181,0.065663,0.100723,0.133133,0.155302,0.161567,0.150964,0.126868,0.096868,0.067831,0.044578,0.027831,0.015904,0.006627,0.0,64.482944,4497.809026,2900.319697,24260.226577,7807.914421,55.487829,4,0.0,0.0
